0,RIGHT
1,RIGHT
2,LEFT
3,LEFT
4,RIGHT
5,RIGHT
6,LEFT
7,LEFT
8,RIGHT
9,RIGHT
10,LEFT
11,LEFT
12,RIGHT
13,RIGHT
14,LEFT
15,LEFT
16,RIGHT
17,RIGHT
18,LEFT
19,LEFT
20,RIGHT
21,RIGHT
22,LEFT
23,LEFT
24,RIGHT
25,RIGHT
26,LEFT
27,LEFT
28,RIGHT
29,RIGHT
30,LEFT
31,LEFT
32,RIGHT
33,RIGHT
34,LEFT
35,LEFT
36,RIGHT
37,RIGHT
38,LEFT
39,LEFT
40,RIGHT
41,RIGHT
42,LEFT
43,LEFT
44,RIGHT
45,RIGHT
46,LEFT
47,LEFT
48,RIGHT
49,RIGHT
50,LEFT
51,LEFT
52,RIGHT
53,RIGHT
54,LEFT
55,LEFT
